{"result":{"date":"20.02.2015","eur":{"kup":"120.8405","sre":"121.2041","pro":"121.5677"},"usd":{"kup":"106.3269","sre":"106.6468","pro":"106.9667"},"chf":{"kup":"111.8583","sre":"112.1949","pro":"112.5315"},"gbp":{"kup":"163.985","sre":"164.4784","pro":"164.9718"},"aud":{"kup":"82.9834","sre":"83.2331","pro":"83.4828"},"cad":{"kup":"85.1469","sre":"85.4031","pro":"85.6593"},"sek":{"kup":"12.615","sre":"12.653","pro":"12.691"},"dkk":{"kup":"16.2283","sre":"16.2771","pro":"16.3259"},"nok":{"kup":"13.9962","sre":"14.0383","pro":"14.0804"},"jpy":{"kup":"0.894187","sre":"0.896878","pro":"0.899569"},"rub":{"kup":"1.7176","sre":"1.7228","pro":"1.728"},"cny":{"kup":"16.9942","sre":"17.0453","pro":"17.0964"},"hrk":{"kup":"","sre":"15.6854","pro":""},"kwd":{"kup":"","sre":"360.2976","pro":""},"pln":{"kup":"","sre":"29.0462","pro":""},"czk":{"kup":"","sre":"4.4225","pro":""},"huf":{"kup":"","sre":"0.396351","pro":""},"bam":{"kup":"","sre":"61.9707","pro":""}},"code":0,"status":"ok"}